ID,Title,Work Item Type
1495789,lobortis sapien sapien non mi integer ac neque duis bibendum morbi non quam nec dui luctus rutrum nulla tellus in,
1495790,ante ipsum primis in faucibus orci luctus et ultrices posuere cubilia curae donec,
,,
1495792,blandit ultrices enim lorem ipsum dolor sit amet consectetuer adipiscing,
1495793,pede venenatis non sodales sed tincidunt eu felis fusce posuere felis sed lacus morbi sem,
1495794,pede malesuada in imperdiet et commodo vulputate justo in blandit ultrices enim lorem ipsum dolor sit amet consectetuer,
1495795,sed magna at nunc commodo placerat praesent blandit nam nulla integer pede justo lacinia eget tincidunt eget tempus vel pede,
1495796,vestibulum sed magna at nunc commodo placerat praesent blandit nam nulla integer,
1495797,cursus urna ut tellus nulla ut erat id mauris vulputate elementum nullam varius nulla facilisi cras,
1495798,ac nibh fusce lacus purus aliquet at feugiat non pretium quis lectus suspendisse,
,,
1495800,sit amet consectetuer adipiscing elit proin interdum mauris non ligula pellentesque ultrices phasellus id sapien in,
1495801,turpis adipiscing lorem vitae mattis nibh ligula nec sem duis aliquam convallis nunc proin,
1495802,montes nascetur ridiculus mus etiam vel augue vestibulum rutrum rutrum neque aenean auctor gravida sem praesent,
1495803,sit amet sapien dignissim vestibulum vestibulum ante ipsum primis in faucibus orci luctus et ultrices posuere cubilia curae nulla dapibus,
1495804,eget eleifend luctus ultricies eu nibh quisque id justo sit amet sapien dignissim,
1495805,sit amet nulla quisque arcu libero rutrum ac lobortis vel dapibus at,
1495806,blandit non interdum in ante vestibulum ante ipsum primis in faucibus orci luctus et ultrices posuere cubilia curae duis,
1495807,ipsum dolor sit amet consectetuer adipiscing elit proin risus praesent lectus vestibulum quam sapien varius ut blandit non,
1495808,rhoncus aliquam lacus morbi quis tortor id nulla ultrices aliquet maecenas leo,
1495809,quis turpis eget elit sodales scelerisque mauris sit amet eros suspendisse accumsan tortor quis turpis sed ante vivamus,
1495810,hac habitasse platea dictumst maecenas ut massa quis augue luctus tincidunt nulla mollis molestie lorem quisque ut erat curabitur gravida,
1495811,massa id nisl venenatis lacinia aenean sit amet justo morbi ut odio cras mi pede malesuada in imperdiet,
1495812,erat quisque erat eros viverra eget congue eget semper rutrum nulla nunc,
,,
1495814,tempus semper est quam pharetra magna ac consequat metus sapien ut nunc vestibulum ante ipsum primis in,
1495815,erat fermentum justo nec condimentum neque sapien placerat ante nulla justo aliquam,
1495816,amet sapien dignissim vestibulum vestibulum ante ipsum primis in faucibus orci luctus et ultrices posuere cubilia curae,
1495817,nulla tellus in sagittis dui vel nisl duis ac nibh,
1495818,augue a suscipit nulla elit ac nulla sed vel enim sit,
1495819,penatibus et magnis dis parturient montes nascetur ridiculus mus vivamus,
1495820,ante ipsum primis in faucibus orci luctus et ultrices posuere cubilia curae duis faucibus accumsan odio curabitur convallis,
1495821,condimentum neque sapien placerat ante nulla justo aliquam quis turpis eget elit sodales scelerisque mauris sit amet eros suspendisse,
1495822,justo aliquam quis turpis eget elit sodales scelerisque mauris sit,
,,
,,
1495825,morbi porttitor lorem id ligula suspendisse ornare consequat lectus in est risus,
1495826,blandit lacinia erat vestibulum sed magna at nunc commodo placerat,
1495827,arcu sed augue aliquam erat volutpat in congue etiam justo etiam pretium iaculis justo in hac habitasse platea,
1495828,quis augue luctus tincidunt nulla mollis molestie lorem quisque ut erat curabitur gravida nisi at nibh in hac habitasse,
1495829,nunc purus phasellus in felis donec semper sapien a libero nam,
1495830,in ante vestibulum ante ipsum primis in faucibus orci luctus,
1495831,amet consectetuer adipiscing elit proin interdum mauris non ligula pellentesque ultrices phasellus,
1495832,venenatis turpis enim blandit mi in porttitor pede justo eu massa donec dapibus,
,,
1495834,mauris viverra diam vitae quam suspendisse potenti nullam porttitor lacus at turpis donec posuere metus vitae ipsum,
1495835,aliquam augue quam sollicitudin vitae consectetuer eget rutrum at lorem integer tincidunt,
1495836,interdum mauris ullamcorper purus sit amet nulla quisque arcu libero rutrum ac,
1495837,justo sit amet sapien dignissim vestibulum vestibulum ante ipsum primis in,
1495838,sed tristique in tempus sit amet sem fusce consequat nulla nisl nunc nisl duis bibendum felis sed interdum,
1495839,vel augue vestibulum rutrum rutrum neque aenean auctor gravida sem praesent id massa id nisl venenatis,
1495840,hac habitasse platea dictumst aliquam augue quam sollicitudin vitae consectetuer eget rutrum at lorem,
,,
1495842,volutpat sapien arcu sed augue aliquam erat volutpat in congue etiam justo etiam pretium iaculis justo in hac habitasse platea,
1495843,amet diam in magna bibendum imperdiet nullam orci pede venenatis non sodales sed tincidunt,
1495844,magna ac consequat metus sapien ut nunc vestibulum ante ipsum,
,,
1495846,at feugiat non pretium quis lectus suspendisse potenti in eleifend quam a odio in hac habitasse,
1495847,vulputate ut ultrices vel augue vestibulum ante ipsum primis in faucibus orci,
1495848,elementum eu interdum eu tincidunt in leo maecenas pulvinar lobortis est phasellus sit amet erat nulla,
1495849,nunc viverra dapibus nulla suscipit ligula in lacus curabitur at ipsum ac tellus semper,
1495850,est congue elementum in hac habitasse platea dictumst morbi vestibulum velit id pretium iaculis diam erat,
,,
1495852,hac habitasse platea dictumst morbi vestibulum velit id pretium iaculis,
1495853,et magnis dis parturient montes nascetur ridiculus mus vivamus vestibulum,
1495854,eu interdum eu tincidunt in leo maecenas pulvinar lobortis est phasellus sit amet erat nulla tempus vivamus in felis,
1495855,odio elementum eu interdum eu tincidunt in leo maecenas pulvinar lobortis est phasellus sit amet,
1495856,vulputate elementum nullam varius nulla facilisi cras non velit nec nisi vulputate nonummy maecenas tincidunt lacus at velit vivamus vel,
1495857,posuere nonummy integer non velit donec diam neque vestibulum eget,
1495858,turpis nec euismod scelerisque quam turpis adipiscing lorem vitae mattis nibh ligula nec sem duis aliquam,
1495859,amet cursus id turpis integer aliquet massa id lobortis convallis tortor risus dapibus augue vel accumsan tellus nisi eu orci,
1495860,morbi quis tortor id nulla ultrices aliquet maecenas leo odio condimentum id luctus nec molestie sed justo pellentesque,
1495861,luctus et ultrices posuere cubilia curae duis faucibus accumsan odio curabitur convallis duis,
,,
1495863,quisque id justo sit amet sapien dignissim vestibulum vestibulum ante ipsum primis in faucibus orci,
1495864,sapien non mi integer ac neque duis bibendum morbi non quam nec dui luctus rutrum nulla tellus in sagittis,
1495865,vivamus in felis eu sapien cursus vestibulum proin eu mi,
1495866,cubilia curae duis faucibus accumsan odio curabitur convallis duis consequat dui nec nisi volutpat eleifend donec,
1495867,tortor id nulla ultrices aliquet maecenas leo odio condimentum id luctus nec molestie sed justo,
1495868,donec posuere metus vitae ipsum aliquam non mauris morbi non lectus aliquam,
1495869,cubilia curae nulla dapibus dolor vel est donec odio justo sollicitudin ut suscipit a feugiat et eros vestibulum ac,
1495870,viverra eget congue eget semper rutrum nulla nunc purus phasellus in felis,
1495871,in faucibus orci luctus et ultrices posuere cubilia curae mauris,
1495872,consectetuer adipiscing elit proin risus praesent lectus vestibulum quam sapien varius,
1495873,odio cras mi pede malesuada in imperdiet et commodo vulputate justo in,
1495874,maecenas tristique est et tempus semper est quam pharetra magna ac consequat metus sapien,
,,
1495876,aliquet massa id lobortis convallis tortor risus dapibus augue vel accumsan tellus nisi eu orci mauris lacinia,
1495877,nunc purus phasellus in felis donec semper sapien a libero nam,
1495878,amet justo morbi ut odio cras mi pede malesuada in imperdiet et commodo,
,,
1495880,faucibus orci luctus et ultrices posuere cubilia curae nulla dapibus dolor vel,
1495881,quam turpis adipiscing lorem vitae mattis nibh ligula nec sem duis aliquam convallis nunc proin at,
1495882,pede justo lacinia eget tincidunt eget tempus vel pede morbi porttitor lorem id ligula suspendisse ornare consequat lectus in est,
1495883,ut volutpat sapien arcu sed augue aliquam erat volutpat in congue etiam justo etiam,
1495884,praesent blandit lacinia erat vestibulum sed magna at nunc commodo placerat praesent blandit nam nulla integer pede justo,
1495885,tristique in tempus sit amet sem fusce consequat nulla nisl nunc nisl duis bibendum felis sed interdum venenatis turpis enim,
1495886,vel accumsan tellus nisi eu orci mauris lacinia sapien quis,
,,
1495888,quis odio consequat varius integer ac leo pellentesque ultrices mattis odio,
1495889,rhoncus mauris enim leo rhoncus sed vestibulum sit amet cursus id turpis integer aliquet massa id lobortis convallis,
1495890,vestibulum sit amet cursus id turpis integer aliquet massa id lobortis convallis tortor risus dapibus augue vel accumsan tellus nisi,
1495891,primis in faucibus orci luctus et ultrices posuere cubilia curae duis faucibus accumsan odio curabitur convallis duis consequat dui,
1495892,maecenas ut massa quis augue luctus tincidunt nulla mollis molestie lorem quisque ut erat curabitur gravida nisi at nibh in,
1495893,quis tortor id nulla ultrices aliquet maecenas leo odio condimentum,
,,
1495895,ante vestibulum ante ipsum primis in faucibus orci luctus et ultrices posuere cubilia curae duis,
1495896,ac est lacinia nisi venenatis tristique fusce congue diam id ornare imperdiet sapien urna pretium,
1495897,tellus in sagittis dui vel nisl duis ac nibh fusce,
1495898,pretium nisl ut volutpat sapien arcu sed augue aliquam erat volutpat in congue etiam justo etiam pretium iaculis justo in,
1495899,non pretium quis lectus suspendisse potenti in eleifend quam a odio in,
,,
1495901,gravida nisi at nibh in hac habitasse platea dictumst aliquam augue quam sollicitudin vitae consectetuer eget rutrum at,
1495902,cras in purus eu magna vulputate luctus cum sociis natoque penatibus et magnis dis parturient montes,
,,
1495904,donec vitae nisi nam ultrices libero non mattis pulvinar nulla pede ullamcorper augue a suscipit nulla elit,
1495905,venenatis turpis enim blandit mi in porttitor pede justo eu massa donec dapibus duis at,
1495906,augue vestibulum ante ipsum primis in faucibus orci luctus et ultrices posuere cubilia curae donec pharetra magna,
1495907,urna ut tellus nulla ut erat id mauris vulputate elementum nullam varius nulla facilisi,
1495908,praesent blandit nam nulla integer pede justo lacinia eget tincidunt eget tempus vel pede,
1495909,morbi odio odio elementum eu interdum eu tincidunt in leo,
,,
1495911,vulputate luctus cum sociis natoque penatibus et magnis dis parturient montes nascetur ridiculus,
1495912,lectus in quam fringilla rhoncus mauris enim leo rhoncus sed vestibulum sit amet,
1495913,leo rhoncus sed vestibulum sit amet cursus id turpis integer aliquet massa id lobortis convallis tortor,
1495914,in hac habitasse platea dictumst morbi vestibulum velit id pretium iaculis diam erat fermentum justo nec condimentum,
1495915,quam suspendisse potenti nullam porttitor lacus at turpis donec posuere metus vitae ipsum aliquam non mauris morbi non lectus,
1495916,ipsum primis in faucibus orci luctus et ultrices posuere cubilia curae donec pharetra magna vestibulum aliquet ultrices erat,
1495917,massa donec dapibus duis at velit eu est congue elementum in hac habitasse,
1495918,aenean fermentum donec ut mauris eget massa tempor convallis nulla neque libero convallis eget eleifend luctus ultricies eu nibh,
1495919,erat id mauris vulputate elementum nullam varius nulla facilisi cras non velit nec nisi vulputate nonummy maecenas tincidunt lacus at,
1495920,ornare consequat lectus in est risus auctor sed tristique in tempus sit amet sem fusce,
,,
1495922,ipsum primis in faucibus orci luctus et ultrices posuere cubilia,
1495923,eget tincidunt eget tempus vel pede morbi porttitor lorem id ligula suspendisse ornare consequat lectus in est risus auctor sed,
1495924,luctus rutrum nulla tellus in sagittis dui vel nisl duis ac nibh fusce lacus purus aliquet at feugiat,
1495925,a odio in hac habitasse platea dictumst maecenas ut massa quis augue luctus,
1495926,ligula nec sem duis aliquam convallis nunc proin at turpis a,
,,
1495928,vestibulum rutrum rutrum neque aenean auctor gravida sem praesent id massa id nisl venenatis lacinia aenean sit,
1495929,dolor vel est donec odio justo sollicitudin ut suscipit a feugiat et eros,
1495930,est et tempus semper est quam pharetra magna ac consequat metus sapien ut nunc vestibulum,
1495931,elementum in hac habitasse platea dictumst morbi vestibulum velit id pretium iaculis diam erat fermentum justo nec condimentum neque,
,,
1495933,integer aliquet massa id lobortis convallis tortor risus dapibus augue vel accumsan tellus nisi,
1495934,consequat morbi a ipsum integer a nibh in quis justo maecenas rhoncus aliquam lacus morbi quis tortor id nulla ultrices,
1495935,orci nullam molestie nibh in lectus pellentesque at nulla suspendisse potenti cras in purus,
,,
1495937,dictumst morbi vestibulum velit id pretium iaculis diam erat fermentum justo nec condimentum neque,
1495938,dis parturient montes nascetur ridiculus mus etiam vel augue vestibulum rutrum rutrum neque aenean auctor gravida sem praesent id massa,
1495939,eget elit sodales scelerisque mauris sit amet eros suspendisse accumsan tortor quis turpis sed ante vivamus tortor duis,
1495940,tellus nulla ut erat id mauris vulputate elementum nullam varius nulla facilisi cras,
,,
1495942,vestibulum proin eu mi nulla ac enim in tempor turpis nec,
1495943,facilisi cras non velit nec nisi vulputate nonummy maecenas tincidunt lacus at velit vivamus vel nulla eget eros,
1495944,sed magna at nunc commodo placerat praesent blandit nam nulla integer pede,
1495945,congue elementum in hac habitasse platea dictumst morbi vestibulum velit id pretium iaculis diam erat fermentum justo,
,,
1495947,eu interdum eu tincidunt in leo maecenas pulvinar lobortis est phasellus sit,
,,
1495949,aliquet at feugiat non pretium quis lectus suspendisse potenti in eleifend quam a odio in hac habitasse platea dictumst maecenas,
,,
1495951,sit amet lobortis sapien sapien non mi integer ac neque duis bibendum morbi non quam nec dui luctus,
1495952,praesent blandit nam nulla integer pede justo lacinia eget tincidunt eget tempus vel pede morbi porttitor lorem,
1495953,in lectus pellentesque at nulla suspendisse potenti cras in purus eu magna vulputate,
1495954,sit amet erat nulla tempus vivamus in felis eu sapien,
,,
1495956,duis bibendum morbi non quam nec dui luctus rutrum nulla,
1495957,nisi eu orci mauris lacinia sapien quis libero nullam sit,
1495958,diam neque vestibulum eget vulputate ut ultrices vel augue vestibulum ante ipsum primis in faucibus,
,,
1495960,nibh in lectus pellentesque at nulla suspendisse potenti cras in purus eu magna,
1495961,rhoncus aliquet pulvinar sed nisl nunc rhoncus dui vel sem sed sagittis nam congue risus semper porta volutpat,
1495962,vulputate nonummy maecenas tincidunt lacus at velit vivamus vel nulla eget eros elementum pellentesque quisque porta volutpat,
1495963,curae duis faucibus accumsan odio curabitur convallis duis consequat dui nec nisi volutpat eleifend donec ut dolor morbi,
,,
,,
1495966,congue diam id ornare imperdiet sapien urna pretium nisl ut volutpat sapien,
1495967,tortor sollicitudin mi sit amet lobortis sapien sapien non mi integer ac neque duis bibendum morbi,
1495968,lorem ipsum dolor sit amet consectetuer adipiscing elit proin interdum mauris non ligula pellentesque ultrices phasellus id,
1495969,suscipit a feugiat et eros vestibulum ac est lacinia nisi venenatis tristique fusce congue diam id ornare imperdiet sapien,
1495970,nam congue risus semper porta volutpat quam pede lobortis ligula sit,
1495971,orci luctus et ultrices posuere cubilia curae donec pharetra magna vestibulum aliquet ultrices erat tortor sollicitudin mi,
1495972,nisi vulputate nonummy maecenas tincidunt lacus at velit vivamus vel nulla eget eros elementum pellentesque quisque porta volutpat erat quisque,
1495973,nulla dapibus dolor vel est donec odio justo sollicitudin ut suscipit a feugiat et eros vestibulum ac est lacinia nisi,
1495974,blandit nam nulla integer pede justo lacinia eget tincidunt eget tempus vel pede morbi porttitor lorem id ligula suspendisse,
1495975,laoreet ut rhoncus aliquet pulvinar sed nisl nunc rhoncus dui vel sem sed sagittis nam,
1495976,magnis dis parturient montes nascetur ridiculus mus etiam vel augue vestibulum rutrum rutrum neque aenean auctor gravida,
1495977,id lobortis convallis tortor risus dapibus augue vel accumsan tellus nisi eu orci mauris,
1495978,felis ut at dolor quis odio consequat varius integer ac leo pellentesque ultrices mattis odio donec vitae nisi nam ultrices,
1495979,ultrices posuere cubilia curae nulla dapibus dolor vel est donec,
1495980,laoreet ut rhoncus aliquet pulvinar sed nisl nunc rhoncus dui vel sem sed sagittis nam,
1495981,suspendisse potenti nullam porttitor lacus at turpis donec posuere metus vitae ipsum aliquam,
1495982,rhoncus aliquam lacus morbi quis tortor id nulla ultrices aliquet maecenas leo odio condimentum id,
1495983,purus sit amet nulla quisque arcu libero rutrum ac lobortis vel dapibus at diam nam tristique tortor,
1495984,nunc proin at turpis a pede posuere nonummy integer non velit donec,
1495985,justo in blandit ultrices enim lorem ipsum dolor sit amet consectetuer adipiscing elit proin interdum mauris non ligula pellentesque,
1495986,tincidunt in leo maecenas pulvinar lobortis est phasellus sit amet,
1495987,maecenas pulvinar lobortis est phasellus sit amet erat nulla tempus vivamus in felis eu sapien cursus vestibulum proin,
1495988,ultrices posuere cubilia curae donec pharetra magna vestibulum aliquet ultrices erat tortor sollicitudin mi sit amet lobortis,
1495989,rutrum nulla nunc purus phasellus in felis donec semper sapien a libero nam dui proin,
1495990,in tempor turpis nec euismod scelerisque quam turpis adipiscing lorem vitae mattis nibh ligula nec sem duis aliquam convallis,
1495991,non interdum in ante vestibulum ante ipsum primis in faucibus orci luctus et ultrices posuere cubilia curae,
1495992,pretium nisl ut volutpat sapien arcu sed augue aliquam erat volutpat in congue,
1495993,imperdiet sapien urna pretium nisl ut volutpat sapien arcu sed augue aliquam erat volutpat in congue etiam justo etiam pretium,
,,
1495995,sit amet consectetuer adipiscing elit proin risus praesent lectus vestibulum quam sapien varius ut blandit non interdum in,
,,
1495997,nascetur ridiculus mus etiam vel augue vestibulum rutrum rutrum neque aenean auctor gravida sem praesent id massa,
1495998,pellentesque eget nunc donec quis orci eget orci vehicula condimentum curabitur in libero,
1495999,ante nulla justo aliquam quis turpis eget elit sodales scelerisque mauris sit amet,
,,
1496001,ultrices libero non mattis pulvinar nulla pede ullamcorper augue a suscipit nulla elit ac nulla sed vel enim sit,
1496002,et tempus semper est quam pharetra magna ac consequat metus sapien ut nunc vestibulum ante ipsum,
1496003,augue luctus tincidunt nulla mollis molestie lorem quisque ut erat curabitur gravida,
1496004,lacinia sapien quis libero nullam sit amet turpis elementum ligula vehicula consequat morbi a,
1496005,lacinia erat vestibulum sed magna at nunc commodo placerat praesent blandit nam nulla integer pede justo lacinia,
,,
1496007,nunc viverra dapibus nulla suscipit ligula in lacus curabitur at ipsum ac tellus semper interdum mauris,
1496008,orci luctus et ultrices posuere cubilia curae nulla dapibus dolor vel est donec odio justo sollicitudin,
,,
1496010,cum sociis natoque penatibus et magnis dis parturient montes nascetur ridiculus mus etiam,
1496011,ultrices phasellus id sapien in sapien iaculis congue vivamus metus arcu,
1496012,natoque penatibus et magnis dis parturient montes nascetur ridiculus mus vivamus vestibulum sagittis sapien,
1496013,vestibulum sagittis sapien cum sociis natoque penatibus et magnis dis parturient montes,
1496014,orci luctus et ultrices posuere cubilia curae donec pharetra magna vestibulum aliquet ultrices erat tortor,
,,
1496016,vel augue vestibulum ante ipsum primis in faucibus orci luctus et ultrices posuere,
1496017,at nulla suspendisse potenti cras in purus eu magna vulputate luctus cum,
1496018,nunc proin at turpis a pede posuere nonummy integer non velit donec diam neque vestibulum,
1496019,non lectus aliquam sit amet diam in magna bibendum imperdiet nullam,
1496020,eget congue eget semper rutrum nulla nunc purus phasellus in,
,,
1496022,nunc vestibulum ante ipsum primis in faucibus orci luctus et ultrices posuere cubilia curae mauris,
1496023,quam sollicitudin vitae consectetuer eget rutrum at lorem integer tincidunt ante,
1496024,sit amet cursus id turpis integer aliquet massa id lobortis convallis tortor,
1496025,nulla tempus vivamus in felis eu sapien cursus vestibulum proin eu mi nulla ac enim in tempor turpis nec euismod,
1496026,lobortis est phasellus sit amet erat nulla tempus vivamus in felis eu,
1496027,cum sociis natoque penatibus et magnis dis parturient montes nascetur ridiculus mus vivamus vestibulum sagittis sapien cum sociis,
1496028,sit amet lobortis sapien sapien non mi integer ac neque duis bibendum morbi non quam nec dui luctus,
1496029,felis ut at dolor quis odio consequat varius integer ac leo pellentesque ultrices mattis odio donec vitae nisi nam,
1496030,eget massa tempor convallis nulla neque libero convallis eget eleifend luctus ultricies eu nibh quisque id justo sit amet,
1496031,tincidunt ante vel ipsum praesent blandit lacinia erat vestibulum sed magna at nunc commodo placerat praesent blandit,
1496032,rutrum rutrum neque aenean auctor gravida sem praesent id massa id nisl venenatis lacinia,
1496033,at nulla suspendisse potenti cras in purus eu magna vulputate luctus cum sociis natoque penatibus et,
1496034,id nisl venenatis lacinia aenean sit amet justo morbi ut odio cras mi pede malesuada in imperdiet,
1496035,suscipit nulla elit ac nulla sed vel enim sit amet nunc,
1496036,nascetur ridiculus mus etiam vel augue vestibulum rutrum rutrum neque aenean auctor,
1496037,eget rutrum at lorem integer tincidunt ante vel ipsum praesent blandit lacinia,
1496038,suscipit ligula in lacus curabitur at ipsum ac tellus semper interdum mauris ullamcorper purus sit amet nulla quisque,
1496039,in libero ut massa volutpat convallis morbi odio odio elementum eu interdum eu tincidunt in,
1496040,nulla elit ac nulla sed vel enim sit amet nunc viverra dapibus nulla,
,,
1496042,hendrerit at vulputate vitae nisl aenean lectus pellentesque eget nunc donec quis orci eget orci vehicula condimentum curabitur in,
1496043,pulvinar sed nisl nunc rhoncus dui vel sem sed sagittis nam congue risus semper,
1496044,libero convallis eget eleifend luctus ultricies eu nibh quisque id justo sit amet,
1496045,curabitur gravida nisi at nibh in hac habitasse platea dictumst aliquam augue,
,,
1496047,duis bibendum morbi non quam nec dui luctus rutrum nulla,
1496048,non velit nec nisi vulputate nonummy maecenas tincidunt lacus at velit vivamus vel nulla eget eros elementum pellentesque quisque,
1496049,a odio in hac habitasse platea dictumst maecenas ut massa quis augue luctus tincidunt nulla mollis,
1496050,proin leo odio porttitor id consequat in consequat ut nulla,
1496051,justo lacinia eget tincidunt eget tempus vel pede morbi porttitor lorem id ligula suspendisse ornare consequat lectus in est,
1496052,convallis nunc proin at turpis a pede posuere nonummy integer non velit donec diam neque vestibulum eget,
1496053,suspendisse accumsan tortor quis turpis sed ante vivamus tortor duis mattis egestas metus aenean fermentum,
,,
1496055,aliquam non mauris morbi non lectus aliquam sit amet diam in magna bibendum imperdiet,
,,
1496057,at nibh in hac habitasse platea dictumst aliquam augue quam sollicitudin vitae consectetuer eget rutrum at lorem integer tincidunt ante,
1496058,in imperdiet et commodo vulputate justo in blandit ultrices enim lorem,
1496059,consequat nulla nisl nunc nisl duis bibendum felis sed interdum venenatis turpis enim blandit,
1496060,augue quam sollicitudin vitae consectetuer eget rutrum at lorem integer tincidunt ante vel ipsum praesent,
1496061,rhoncus sed vestibulum sit amet cursus id turpis integer aliquet massa id lobortis convallis,
1496062,justo pellentesque viverra pede ac diam cras pellentesque volutpat dui maecenas,
1496063,suspendisse potenti in eleifend quam a odio in hac habitasse platea dictumst,
1496064,justo sollicitudin ut suscipit a feugiat et eros vestibulum ac,
1496065,id mauris vulputate elementum nullam varius nulla facilisi cras non velit nec,
1496066,id nisl venenatis lacinia aenean sit amet justo morbi ut odio cras mi pede,
,,
1496068,fermentum donec ut mauris eget massa tempor convallis nulla neque libero convallis eget,
1496069,nisl duis bibendum felis sed interdum venenatis turpis enim blandit mi in porttitor pede justo eu massa donec,
1496070,mus vivamus vestibulum sagittis sapien cum sociis natoque penatibus et magnis dis parturient montes,
,,
1496072,auctor gravida sem praesent id massa id nisl venenatis lacinia aenean sit,
1496073,magna bibendum imperdiet nullam orci pede venenatis non sodales sed tincidunt eu felis fusce posuere,
1496074,ut erat curabitur gravida nisi at nibh in hac habitasse platea dictumst aliquam augue quam sollicitudin vitae,
1496075,libero ut massa volutpat convallis morbi odio odio elementum eu interdum eu tincidunt in leo,
1496076,ligula suspendisse ornare consequat lectus in est risus auctor sed tristique in tempus sit,
1496077,pretium nisl ut volutpat sapien arcu sed augue aliquam erat volutpat in congue etiam justo etiam pretium iaculis justo,
1496078,in hac habitasse platea dictumst morbi vestibulum velit id pretium iaculis diam erat fermentum justo nec condimentum neque sapien,
,,
1496080,lorem id ligula suspendisse ornare consequat lectus in est risus auctor sed tristique in,
1496081,laoreet ut rhoncus aliquet pulvinar sed nisl nunc rhoncus dui vel,
1496082,consequat ut nulla sed accumsan felis ut at dolor quis odio consequat varius integer ac leo pellentesque,
1496083,nunc proin at turpis a pede posuere nonummy integer non velit donec diam neque vestibulum,
1496084,consectetuer eget rutrum at lorem integer tincidunt ante vel ipsum praesent blandit lacinia erat vestibulum,
1496085,sit amet sapien dignissim vestibulum vestibulum ante ipsum primis in faucibus orci luctus et ultrices posuere cubilia,
,,
1496087,justo eu massa donec dapibus duis at velit eu est congue elementum in hac habitasse platea,
1496088,luctus tincidunt nulla mollis molestie lorem quisque ut erat curabitur gravida nisi at nibh in hac habitasse platea dictumst aliquam,
1496089,at dolor quis odio consequat varius integer ac leo pellentesque ultrices mattis odio donec vitae nisi nam ultrices libero non,
1496090,leo rhoncus sed vestibulum sit amet cursus id turpis integer aliquet massa id lobortis convallis,
1496091,praesent id massa id nisl venenatis lacinia aenean sit amet justo morbi ut odio cras mi pede malesuada in imperdiet,
1496092,massa id lobortis convallis tortor risus dapibus augue vel accumsan,
1496093,blandit ultrices enim lorem ipsum dolor sit amet consectetuer adipiscing elit proin interdum mauris non ligula pellentesque,
1496094,viverra pede ac diam cras pellentesque volutpat dui maecenas tristique est et tempus semper,
1496095,sagittis nam congue risus semper porta volutpat quam pede lobortis ligula sit amet eleifend pede libero quis orci nullam molestie,
1496096,id ornare imperdiet sapien urna pretium nisl ut volutpat sapien,
1496097,quis odio consequat varius integer ac leo pellentesque ultrices mattis odio donec vitae nisi nam ultrices libero non mattis pulvinar,
1496098,et ultrices posuere cubilia curae nulla dapibus dolor vel est donec odio,
1496099,vitae mattis nibh ligula nec sem duis aliquam convallis nunc proin at turpis,
1496100,sit amet turpis elementum ligula vehicula consequat morbi a ipsum integer,
1496101,tincidunt eu felis fusce posuere felis sed lacus morbi sem mauris laoreet ut rhoncus aliquet pulvinar,
1496102,quis turpis eget elit sodales scelerisque mauris sit amet eros suspendisse accumsan tortor quis turpis sed ante vivamus,
1496103,pellentesque quisque porta volutpat erat quisque erat eros viverra eget congue,
1496104,sociis natoque penatibus et magnis dis parturient montes nascetur ridiculus mus etiam vel augue vestibulum rutrum rutrum neque aenean auctor,
1496105,aliquam sit amet diam in magna bibendum imperdiet nullam orci pede venenatis non sodales,
1496106,tempor turpis nec euismod scelerisque quam turpis adipiscing lorem vitae mattis,
1496107,neque duis bibendum morbi non quam nec dui luctus rutrum nulla tellus in sagittis,
1496108,velit nec nisi vulputate nonummy maecenas tincidunt lacus at velit,
1496109,aliquet maecenas leo odio condimentum id luctus nec molestie sed justo pellentesque viverra pede ac diam cras pellentesque volutpat dui,
1496110,id mauris vulputate elementum nullam varius nulla facilisi cras non velit nec nisi vulputate,
1496111,in est risus auctor sed tristique in tempus sit amet sem fusce consequat,
1496112,vitae nisi nam ultrices libero non mattis pulvinar nulla pede ullamcorper augue a suscipit nulla elit ac nulla,
1496113,posuere cubilia curae duis faucibus accumsan odio curabitur convallis duis consequat dui nec nisi volutpat eleifend donec ut dolor,
1496114,turpis nec euismod scelerisque quam turpis adipiscing lorem vitae mattis nibh ligula nec,
1496115,pulvinar lobortis est phasellus sit amet erat nulla tempus vivamus in felis eu sapien cursus vestibulum proin eu mi,
1496116,pharetra magna ac consequat metus sapien ut nunc vestibulum ante ipsum primis,
1496117,amet lobortis sapien sapien non mi integer ac neque duis bibendum morbi non quam nec,
1496118,ut nunc vestibulum ante ipsum primis in faucibus orci luctus,
1496119,amet consectetuer adipiscing elit proin interdum mauris non ligula pellentesque ultrices phasellus id sapien,
1496120,sodales sed tincidunt eu felis fusce posuere felis sed lacus morbi,
1496121,consequat nulla nisl nunc nisl duis bibendum felis sed interdum venenatis turpis enim blandit mi in porttitor,
,,
1496123,tincidunt lacus at velit vivamus vel nulla eget eros elementum pellentesque quisque porta,
1496124,ultrices vel augue vestibulum ante ipsum primis in faucibus orci luctus et ultrices,
1496125,mi pede malesuada in imperdiet et commodo vulputate justo in blandit,
1496126,justo etiam pretium iaculis justo in hac habitasse platea dictumst etiam faucibus cursus urna ut tellus nulla ut erat,
1496127,elementum ligula vehicula consequat morbi a ipsum integer a nibh in quis,
1496128,elit proin interdum mauris non ligula pellentesque ultrices phasellus id sapien in sapien iaculis congue,
1496129,molestie sed justo pellentesque viverra pede ac diam cras pellentesque,
1496130,lacus curabitur at ipsum ac tellus semper interdum mauris ullamcorper,
1496131,aenean auctor gravida sem praesent id massa id nisl venenatis lacinia aenean sit amet,
,,
,,
,,
1496135,pulvinar lobortis est phasellus sit amet erat nulla tempus vivamus in felis eu sapien cursus vestibulum proin eu mi nulla,
1496136,rhoncus mauris enim leo rhoncus sed vestibulum sit amet cursus id turpis integer aliquet massa id lobortis convallis tortor,
1496137,vestibulum ante ipsum primis in faucibus orci luctus et ultrices posuere cubilia,
1496138,cursus id turpis integer aliquet massa id lobortis convallis tortor risus dapibus augue vel accumsan,
,,
1496140,adipiscing elit proin interdum mauris non ligula pellentesque ultrices phasellus,
1496141,congue elementum in hac habitasse platea dictumst morbi vestibulum velit id pretium iaculis diam erat,
1496142,eget tempus vel pede morbi porttitor lorem id ligula suspendisse ornare consequat lectus in est risus auctor,
1496143,in consequat ut nulla sed accumsan felis ut at dolor quis odio consequat varius integer ac leo pellentesque ultrices,
1496144,tellus semper interdum mauris ullamcorper purus sit amet nulla quisque arcu libero rutrum ac lobortis,
1496145,libero non mattis pulvinar nulla pede ullamcorper augue a suscipit nulla elit ac nulla,
1496146,morbi a ipsum integer a nibh in quis justo maecenas rhoncus aliquam lacus,
1496147,pede malesuada in imperdiet et commodo vulputate justo in blandit,
1496148,porta volutpat erat quisque erat eros viverra eget congue eget,
1496149,morbi non lectus aliquam sit amet diam in magna bibendum imperdiet nullam orci pede venenatis non sodales sed tincidunt eu,
1496150,nullam porttitor lacus at turpis donec posuere metus vitae ipsum aliquam,
1496151,sapien non mi integer ac neque duis bibendum morbi non quam nec dui luctus rutrum nulla,
,,
1496153,eu nibh quisque id justo sit amet sapien dignissim vestibulum vestibulum ante ipsum primis,
1496154,id lobortis convallis tortor risus dapibus augue vel accumsan tellus,
1496155,est congue elementum in hac habitasse platea dictumst morbi vestibulum velit id pretium iaculis diam erat fermentum justo nec condimentum,
1496156,morbi sem mauris laoreet ut rhoncus aliquet pulvinar sed nisl nunc,
1496157,aliquam augue quam sollicitudin vitae consectetuer eget rutrum at lorem integer,
1496158,rutrum ac lobortis vel dapibus at diam nam tristique tortor eu,
1496159,posuere nonummy integer non velit donec diam neque vestibulum eget vulputate ut ultrices vel augue vestibulum,
1496160,sit amet eros suspendisse accumsan tortor quis turpis sed ante vivamus tortor,
1496161,phasellus in felis donec semper sapien a libero nam dui proin leo odio porttitor id consequat in,
1496162,fermentum justo nec condimentum neque sapien placerat ante nulla justo aliquam quis turpis eget elit sodales scelerisque mauris,
1496163,pede lobortis ligula sit amet eleifend pede libero quis orci nullam molestie,
1496164,turpis elementum ligula vehicula consequat morbi a ipsum integer a nibh in quis,
1496165,mollis molestie lorem quisque ut erat curabitur gravida nisi at nibh in hac habitasse platea dictumst aliquam augue quam sollicitudin,
1496166,non interdum in ante vestibulum ante ipsum primis in faucibus,
1496167,condimentum id luctus nec molestie sed justo pellentesque viverra pede,
1496168,maecenas rhoncus aliquam lacus morbi quis tortor id nulla ultrices aliquet maecenas,
1496169,lacus morbi quis tortor id nulla ultrices aliquet maecenas leo odio condimentum id luctus nec molestie,
,,
,,
1496172,turpis elementum ligula vehicula consequat morbi a ipsum integer a nibh in quis justo maecenas rhoncus,
1496173,ac diam cras pellentesque volutpat dui maecenas tristique est et tempus semper est,
1496174,neque vestibulum eget vulputate ut ultrices vel augue vestibulum ante ipsum,
1496175,suspendisse potenti cras in purus eu magna vulputate luctus cum sociis natoque penatibus,
1496176,sed tristique in tempus sit amet sem fusce consequat nulla nisl nunc nisl duis bibendum felis sed interdum,
1496177,eleifend luctus ultricies eu nibh quisque id justo sit amet sapien dignissim vestibulum vestibulum ante ipsum primis in faucibus,
1496178,interdum in ante vestibulum ante ipsum primis in faucibus orci luctus et ultrices posuere,
1496179,tristique fusce congue diam id ornare imperdiet sapien urna pretium nisl ut,
,,
,,
1496182,orci luctus et ultrices posuere cubilia curae donec pharetra magna vestibulum aliquet ultrices erat tortor,
1496183,ut odio cras mi pede malesuada in imperdiet et commodo,
1496184,suscipit nulla elit ac nulla sed vel enim sit amet nunc viverra dapibus nulla suscipit,
1496185,porttitor id consequat in consequat ut nulla sed accumsan felis ut at dolor quis odio consequat varius,
1496186,neque sapien placerat ante nulla justo aliquam quis turpis eget elit sodales scelerisque mauris sit amet,
1496187,nulla justo aliquam quis turpis eget elit sodales scelerisque mauris sit amet eros suspendisse accumsan,
1496188,mi pede malesuada in imperdiet et commodo vulputate justo in blandit,
1496189,nullam molestie nibh in lectus pellentesque at nulla suspendisse potenti cras in purus eu,
1496190,sapien a libero nam dui proin leo odio porttitor id,
1496191,auctor sed tristique in tempus sit amet sem fusce consequat nulla nisl nunc nisl duis bibendum felis sed interdum,
1496192,vel accumsan tellus nisi eu orci mauris lacinia sapien quis libero nullam sit amet,
1496193,lectus in est risus auctor sed tristique in tempus sit amet sem fusce consequat nulla nisl nunc nisl duis,
1496194,volutpat sapien arcu sed augue aliquam erat volutpat in congue etiam justo,
1496195,vel accumsan tellus nisi eu orci mauris lacinia sapien quis libero nullam sit amet turpis elementum ligula vehicula consequat,
1496196,eleifend pede libero quis orci nullam molestie nibh in lectus pellentesque at nulla suspendisse potenti cras in purus,
1496197,ultrices posuere cubilia curae mauris viverra diam vitae quam suspendisse potenti nullam porttitor lacus at turpis,
1496198,in faucibus orci luctus et ultrices posuere cubilia curae duis faucibus accumsan odio curabitur,
1496199,sem praesent id massa id nisl venenatis lacinia aenean sit amet justo morbi ut odio cras mi pede malesuada,
1496200,sapien urna pretium nisl ut volutpat sapien arcu sed augue aliquam erat volutpat in congue etiam justo etiam,
1496201,eget congue eget semper rutrum nulla nunc purus phasellus in felis donec semper,
1496202,curabitur at ipsum ac tellus semper interdum mauris ullamcorper purus sit amet,
1496203,mauris laoreet ut rhoncus aliquet pulvinar sed nisl nunc rhoncus dui vel sem sed,
,,
,,
1496206,eu nibh quisque id justo sit amet sapien dignissim vestibulum vestibulum ante ipsum primis in,
1496207,porttitor pede justo eu massa donec dapibus duis at velit eu est congue elementum in hac habitasse platea dictumst,
1496208,ligula suspendisse ornare consequat lectus in est risus auctor sed tristique in tempus sit amet sem fusce,
1496209,dui maecenas tristique est et tempus semper est quam pharetra magna ac consequat metus sapien ut nunc vestibulum ante,
1496210,faucibus orci luctus et ultrices posuere cubilia curae mauris viverra diam vitae quam suspendisse potenti,
1496211,nisi at nibh in hac habitasse platea dictumst aliquam augue quam sollicitudin vitae consectetuer eget rutrum,
,,
1496213,amet erat nulla tempus vivamus in felis eu sapien cursus vestibulum proin eu mi nulla ac,
1496214,eu interdum eu tincidunt in leo maecenas pulvinar lobortis est phasellus sit amet,
1496215,adipiscing molestie hendrerit at vulputate vitae nisl aenean lectus pellentesque eget nunc donec quis orci eget orci vehicula,
1496216,auctor gravida sem praesent id massa id nisl venenatis lacinia aenean sit,
1496217,convallis nunc proin at turpis a pede posuere nonummy integer non velit donec diam neque vestibulum,
1496218,platea dictumst aliquam augue quam sollicitudin vitae consectetuer eget rutrum,
1496219,at ipsum ac tellus semper interdum mauris ullamcorper purus sit,
1496220,velit eu est congue elementum in hac habitasse platea dictumst morbi vestibulum velit id,
1496221,et commodo vulputate justo in blandit ultrices enim lorem ipsum dolor sit amet consectetuer adipiscing elit proin interdum mauris non,
1496222,nunc donec quis orci eget orci vehicula condimentum curabitur in libero ut massa volutpat convallis,
1496223,vel nisl duis ac nibh fusce lacus purus aliquet at feugiat non pretium quis lectus suspendisse potenti in,
1496224,amet turpis elementum ligula vehicula consequat morbi a ipsum integer a nibh in quis justo maecenas rhoncus,
1496225,eget tincidunt eget tempus vel pede morbi porttitor lorem id ligula suspendisse ornare consequat,
1496226,maecenas leo odio condimentum id luctus nec molestie sed justo pellentesque viverra pede,
1496227,accumsan odio curabitur convallis duis consequat dui nec nisi volutpat eleifend donec ut dolor morbi vel lectus,
,,
1496229,lacus at turpis donec posuere metus vitae ipsum aliquam non mauris morbi non,
1496230,ut tellus nulla ut erat id mauris vulputate elementum nullam,
1496231,elementum nullam varius nulla facilisi cras non velit nec nisi vulputate nonummy,
1496232,ante ipsum primis in faucibus orci luctus et ultrices posuere cubilia curae nulla dapibus dolor,
1496233,pulvinar nulla pede ullamcorper augue a suscipit nulla elit ac nulla sed vel enim,
1496234,ultrices enim lorem ipsum dolor sit amet consectetuer adipiscing elit proin interdum mauris,
,,
,,
1496237,duis at velit eu est congue elementum in hac habitasse platea dictumst morbi vestibulum velit,
,,
1496239,quis lectus suspendisse potenti in eleifend quam a odio in hac habitasse platea dictumst maecenas ut massa quis augue,
1496240,volutpat in congue etiam justo etiam pretium iaculis justo in hac habitasse platea dictumst etiam faucibus cursus urna ut tellus,
1496241,est lacinia nisi venenatis tristique fusce congue diam id ornare imperdiet,
1496242,amet sem fusce consequat nulla nisl nunc nisl duis bibendum felis sed interdum venenatis turpis,
,,
1496244,libero ut massa volutpat convallis morbi odio odio elementum eu interdum,
1496245,neque vestibulum eget vulputate ut ultrices vel augue vestibulum ante ipsum primis in faucibus orci,
,,
1496247,justo in blandit ultrices enim lorem ipsum dolor sit amet consectetuer adipiscing elit proin interdum mauris non,
1496248,in quis justo maecenas rhoncus aliquam lacus morbi quis tortor id nulla,
1496249,dictumst aliquam augue quam sollicitudin vitae consectetuer eget rutrum at lorem integer tincidunt ante,
1496250,non velit nec nisi vulputate nonummy maecenas tincidunt lacus at velit vivamus,
1496251,leo pellentesque ultrices mattis odio donec vitae nisi nam ultrices libero non mattis pulvinar,
1496252,sapien non mi integer ac neque duis bibendum morbi non quam nec dui luctus rutrum,
1496253,mauris non ligula pellentesque ultrices phasellus id sapien in sapien,
1496254,velit id pretium iaculis diam erat fermentum justo nec condimentum neque sapien placerat ante,
1496255,sit amet nunc viverra dapibus nulla suscipit ligula in lacus curabitur at ipsum ac tellus semper interdum mauris ullamcorper purus,
1496256,purus sit amet nulla quisque arcu libero rutrum ac lobortis vel dapibus at diam nam tristique,
1496257,eget congue eget semper rutrum nulla nunc purus phasellus in felis donec semper sapien a libero,
1496258,in tempus sit amet sem fusce consequat nulla nisl nunc nisl,
1496259,a ipsum integer a nibh in quis justo maecenas rhoncus,
1496260,vel augue vestibulum ante ipsum primis in faucibus orci luctus et ultrices posuere cubilia curae,
1496261,est donec odio justo sollicitudin ut suscipit a feugiat et,
1496262,dui vel sem sed sagittis nam congue risus semper porta volutpat quam pede lobortis ligula sit amet eleifend pede libero,
1496263,lacus purus aliquet at feugiat non pretium quis lectus suspendisse potenti in eleifend quam a odio,
1496264,lorem ipsum dolor sit amet consectetuer adipiscing elit proin risus praesent lectus,
1496265,libero non mattis pulvinar nulla pede ullamcorper augue a suscipit nulla elit ac nulla sed vel,
1496266,tortor id nulla ultrices aliquet maecenas leo odio condimentum id luctus nec molestie sed justo,
1496267,purus phasellus in felis donec semper sapien a libero nam dui proin leo odio,
1496268,hendrerit at vulputate vitae nisl aenean lectus pellentesque eget nunc donec quis orci eget orci vehicula condimentum,
1496269,purus phasellus in felis donec semper sapien a libero nam dui,
1496270,eget tincidunt eget tempus vel pede morbi porttitor lorem id ligula suspendisse ornare consequat lectus,
1496271,cras in purus eu magna vulputate luctus cum sociis natoque penatibus et magnis,
1496272,nisl ut volutpat sapien arcu sed augue aliquam erat volutpat in,
1496273,pulvinar nulla pede ullamcorper augue a suscipit nulla elit ac nulla sed vel enim sit,
1496274,nec euismod scelerisque quam turpis adipiscing lorem vitae mattis nibh ligula nec,
,,
1496276,nulla ut erat id mauris vulputate elementum nullam varius nulla facilisi cras non velit nec nisi vulputate,
1496277,ornare consequat lectus in est risus auctor sed tristique in tempus sit amet sem fusce consequat nulla nisl nunc nisl,
,,
1496279,integer ac neque duis bibendum morbi non quam nec dui luctus rutrum nulla tellus,
1496280,orci mauris lacinia sapien quis libero nullam sit amet turpis elementum ligula vehicula consequat morbi,
1496281,convallis tortor risus dapibus augue vel accumsan tellus nisi eu orci mauris lacinia,
1496282,donec diam neque vestibulum eget vulputate ut ultrices vel augue vestibulum ante ipsum primis in,
1496283,sodales scelerisque mauris sit amet eros suspendisse accumsan tortor quis turpis sed ante vivamus tortor duis mattis egestas,
1496284,quam turpis adipiscing lorem vitae mattis nibh ligula nec sem duis aliquam convallis nunc proin at turpis,
1496285,vel lectus in quam fringilla rhoncus mauris enim leo rhoncus,
1496286,lobortis est phasellus sit amet erat nulla tempus vivamus in felis eu sapien cursus,
1496287,venenatis tristique fusce congue diam id ornare imperdiet sapien urna,
1496288,consequat ut nulla sed accumsan felis ut at dolor quis odio,
1496289,vulputate vitae nisl aenean lectus pellentesque eget nunc donec quis orci eget orci vehicula condimentum curabitur,
1496290,duis ac nibh fusce lacus purus aliquet at feugiat non pretium quis,
,,
1496292,erat volutpat in congue etiam justo etiam pretium iaculis justo in hac habitasse platea dictumst etiam,
,,
1496294,felis eu sapien cursus vestibulum proin eu mi nulla ac enim in tempor,
,,
1496296,sem sed sagittis nam congue risus semper porta volutpat quam pede lobortis,
1496297,ullamcorper purus sit amet nulla quisque arcu libero rutrum ac lobortis vel dapibus,
1496298,a odio in hac habitasse platea dictumst maecenas ut massa quis augue luctus,
1496299,eros viverra eget congue eget semper rutrum nulla nunc purus phasellus in felis donec semper sapien,
1496300,nec sem duis aliquam convallis nunc proin at turpis a pede posuere nonummy integer non velit donec diam neque,
1496301,nullam porttitor lacus at turpis donec posuere metus vitae ipsum,
1496302,maecenas ut massa quis augue luctus tincidunt nulla mollis molestie lorem quisque,
,,
1496304,eleifend luctus ultricies eu nibh quisque id justo sit amet sapien dignissim,
1496305,elit proin interdum mauris non ligula pellentesque ultrices phasellus id sapien in sapien iaculis,
1496306,mus vivamus vestibulum sagittis sapien cum sociis natoque penatibus et magnis dis,
1496307,posuere cubilia curae donec pharetra magna vestibulum aliquet ultrices erat tortor sollicitudin mi sit amet,
,,
1496309,aenean auctor gravida sem praesent id massa id nisl venenatis lacinia aenean sit amet justo morbi ut odio cras,
1496310,ipsum dolor sit amet consectetuer adipiscing elit proin risus praesent lectus vestibulum quam,
1496311,diam vitae quam suspendisse potenti nullam porttitor lacus at turpis donec posuere metus vitae ipsum aliquam,
1496312,est phasellus sit amet erat nulla tempus vivamus in felis eu sapien cursus vestibulum proin eu mi nulla,
1496313,in consequat ut nulla sed accumsan felis ut at dolor,
1496314,proin interdum mauris non ligula pellentesque ultrices phasellus id sapien in sapien iaculis,
1496315,ultrices aliquet maecenas leo odio condimentum id luctus nec molestie sed,
1496316,justo aliquam quis turpis eget elit sodales scelerisque mauris sit amet eros suspendisse accumsan tortor quis turpis sed,
1496317,sem mauris laoreet ut rhoncus aliquet pulvinar sed nisl nunc rhoncus dui vel sem,
1496318,nascetur ridiculus mus etiam vel augue vestibulum rutrum rutrum neque,
1496319,imperdiet sapien urna pretium nisl ut volutpat sapien arcu sed,
1496320,proin interdum mauris non ligula pellentesque ultrices phasellus id sapien in sapien iaculis,
1496321,ante vel ipsum praesent blandit lacinia erat vestibulum sed magna at,
1496322,lacus at velit vivamus vel nulla eget eros elementum pellentesque quisque porta volutpat erat quisque,
1496323,erat eros viverra eget congue eget semper rutrum nulla nunc purus phasellus in felis,
1496324,tempus sit amet sem fusce consequat nulla nisl nunc nisl duis bibendum felis sed interdum venenatis turpis enim blandit mi,
1496325,accumsan tellus nisi eu orci mauris lacinia sapien quis libero nullam sit amet turpis elementum ligula vehicula consequat morbi a,
,,
1496327,ut at dolor quis odio consequat varius integer ac leo pellentesque ultrices mattis odio donec vitae nisi nam,
1496328,nulla ac enim in tempor turpis nec euismod scelerisque quam,
1496329,volutpat dui maecenas tristique est et tempus semper est quam pharetra magna ac consequat metus sapien,
,,
1496331,etiam pretium iaculis justo in hac habitasse platea dictumst etiam faucibus cursus urna ut tellus nulla ut erat id,
1496332,at dolor quis odio consequat varius integer ac leo pellentesque ultrices mattis odio donec vitae nisi nam ultrices,
1496333,posuere cubilia curae mauris viverra diam vitae quam suspendisse potenti nullam porttitor lacus at turpis,
1496334,a suscipit nulla elit ac nulla sed vel enim sit amet nunc viverra dapibus nulla suscipit ligula in,
1496335,integer aliquet massa id lobortis convallis tortor risus dapibus augue vel accumsan tellus nisi eu orci mauris lacinia sapien quis,
1496336,nibh in hac habitasse platea dictumst aliquam augue quam sollicitudin vitae consectetuer eget,
1496337,cursus urna ut tellus nulla ut erat id mauris vulputate elementum nullam varius nulla facilisi cras non,
1496338,ligula sit amet eleifend pede libero quis orci nullam molestie nibh in lectus pellentesque at nulla suspendisse,
1496339,posuere cubilia curae nulla dapibus dolor vel est donec odio justo sollicitudin ut suscipit a feugiat et eros,
1496340,ultrices aliquet maecenas leo odio condimentum id luctus nec molestie sed justo pellentesque viverra pede ac diam cras pellentesque,
1496341,iaculis diam erat fermentum justo nec condimentum neque sapien placerat,
1496342,a odio in hac habitasse platea dictumst maecenas ut massa quis augue luctus tincidunt nulla mollis molestie lorem,
1496343,nisi eu orci mauris lacinia sapien quis libero nullam sit amet turpis elementum ligula vehicula,
1496344,est donec odio justo sollicitudin ut suscipit a feugiat et,
1496345,penatibus et magnis dis parturient montes nascetur ridiculus mus vivamus,
1496346,vivamus vestibulum sagittis sapien cum sociis natoque penatibus et magnis dis parturient montes nascetur ridiculus mus etiam,
1496347,potenti nullam porttitor lacus at turpis donec posuere metus vitae ipsum,
1496348,aliquam erat volutpat in congue etiam justo etiam pretium iaculis justo in hac habitasse platea dictumst etiam,
,,
1496350,sodales sed tincidunt eu felis fusce posuere felis sed lacus morbi sem mauris laoreet ut rhoncus aliquet pulvinar sed,
1496351,volutpat erat quisque erat eros viverra eget congue eget semper rutrum nulla,
1496352,vitae nisl aenean lectus pellentesque eget nunc donec quis orci eget orci,
,,
1496354,eget congue eget semper rutrum nulla nunc purus phasellus in felis donec semper,
1496355,sapien varius ut blandit non interdum in ante vestibulum ante ipsum primis in faucibus,
1496356,amet eros suspendisse accumsan tortor quis turpis sed ante vivamus tortor duis mattis egestas metus aenean fermentum donec ut,
1496357,posuere felis sed lacus morbi sem mauris laoreet ut rhoncus,
1496358,quam pharetra magna ac consequat metus sapien ut nunc vestibulum ante ipsum primis in,
1496359,nulla suspendisse potenti cras in purus eu magna vulputate luctus cum sociis,
1496360,elit ac nulla sed vel enim sit amet nunc viverra dapibus nulla suscipit ligula in lacus curabitur at,
1496361,id justo sit amet sapien dignissim vestibulum vestibulum ante ipsum,
1496362,curae nulla dapibus dolor vel est donec odio justo sollicitudin ut suscipit a feugiat et eros vestibulum,
1496363,urna ut tellus nulla ut erat id mauris vulputate elementum nullam varius nulla facilisi cras non velit nec nisi,
1496364,erat id mauris vulputate elementum nullam varius nulla facilisi cras non velit nec nisi vulputate nonummy maecenas tincidunt lacus,
1496365,felis fusce posuere felis sed lacus morbi sem mauris laoreet ut rhoncus aliquet pulvinar sed nisl nunc rhoncus dui,
1496366,nibh quisque id justo sit amet sapien dignissim vestibulum vestibulum ante ipsum primis in,
1496367,blandit ultrices enim lorem ipsum dolor sit amet consectetuer adipiscing elit proin,
1496368,donec pharetra magna vestibulum aliquet ultrices erat tortor sollicitudin mi sit amet lobortis sapien sapien non mi,
1496369,convallis eget eleifend luctus ultricies eu nibh quisque id justo sit amet sapien dignissim vestibulum vestibulum ante ipsum primis in,
1496370,nunc viverra dapibus nulla suscipit ligula in lacus curabitur at ipsum ac tellus semper interdum mauris ullamcorper purus,
1496371,accumsan tortor quis turpis sed ante vivamus tortor duis mattis egestas metus,
1496372,ultrices erat tortor sollicitudin mi sit amet lobortis sapien sapien non mi integer ac neque duis bibendum morbi non quam,
1496373,mattis pulvinar nulla pede ullamcorper augue a suscipit nulla elit ac nulla sed vel enim sit amet nunc viverra,
1496374,vestibulum sed magna at nunc commodo placerat praesent blandit nam nulla integer pede justo lacinia eget,
1496375,tortor duis mattis egestas metus aenean fermentum donec ut mauris eget massa tempor convallis nulla neque libero,
,,
1496377,suscipit nulla elit ac nulla sed vel enim sit amet nunc viverra dapibus nulla suscipit ligula in lacus curabitur at,
1496378,sapien iaculis congue vivamus metus arcu adipiscing molestie hendrerit at vulputate vitae,
1496379,duis mattis egestas metus aenean fermentum donec ut mauris eget massa tempor convallis,
,,
1496381,mauris viverra diam vitae quam suspendisse potenti nullam porttitor lacus at turpis donec,
,,
1496383,nisl nunc nisl duis bibendum felis sed interdum venenatis turpis enim blandit mi,
1496384,venenatis turpis enim blandit mi in porttitor pede justo eu massa,
,,
1496386,justo sollicitudin ut suscipit a feugiat et eros vestibulum ac est lacinia nisi venenatis tristique fusce congue diam id,
1496387,sed augue aliquam erat volutpat in congue etiam justo etiam pretium iaculis justo in hac,
1496388,sapien quis libero nullam sit amet turpis elementum ligula vehicula consequat morbi a ipsum,
1496389,in leo maecenas pulvinar lobortis est phasellus sit amet erat nulla tempus vivamus,
,,
1496391,primis in faucibus orci luctus et ultrices posuere cubilia curae nulla dapibus,
,,
1496393,montes nascetur ridiculus mus vivamus vestibulum sagittis sapien cum sociis natoque,
1496394,magna bibendum imperdiet nullam orci pede venenatis non sodales sed tincidunt eu felis fusce posuere felis,
1496395,non velit donec diam neque vestibulum eget vulputate ut ultrices vel augue vestibulum,
1496396,erat vestibulum sed magna at nunc commodo placerat praesent blandit nam nulla integer pede justo lacinia eget tincidunt,
1496397,odio curabitur convallis duis consequat dui nec nisi volutpat eleifend donec ut,
1496398,erat fermentum justo nec condimentum neque sapien placerat ante nulla justo,
1496399,vulputate elementum nullam varius nulla facilisi cras non velit nec nisi vulputate nonummy maecenas tincidunt lacus at,
1496400,praesent id massa id nisl venenatis lacinia aenean sit amet,
1496401,lacinia eget tincidunt eget tempus vel pede morbi porttitor lorem id ligula suspendisse ornare consequat lectus in est risus auctor,
1496402,sed tincidunt eu felis fusce posuere felis sed lacus morbi sem mauris laoreet ut rhoncus aliquet pulvinar sed,
1496403,morbi odio odio elementum eu interdum eu tincidunt in leo,
,,
1496405,donec diam neque vestibulum eget vulputate ut ultrices vel augue vestibulum ante ipsum primis in faucibus,
1496406,tellus in sagittis dui vel nisl duis ac nibh fusce,
1496407,cursus id turpis integer aliquet massa id lobortis convallis tortor risus dapibus augue vel accumsan,
1496408,augue aliquam erat volutpat in congue etiam justo etiam pretium iaculis justo in hac habitasse platea dictumst,
1496409,sed tincidunt eu felis fusce posuere felis sed lacus morbi sem mauris laoreet ut,
1496410,auctor gravida sem praesent id massa id nisl venenatis lacinia aenean sit amet,
1496411,feugiat non pretium quis lectus suspendisse potenti in eleifend quam a odio,
1496412,curabitur in libero ut massa volutpat convallis morbi odio odio,
1496413,blandit ultrices enim lorem ipsum dolor sit amet consectetuer adipiscing elit proin,
1496414,ultrices posuere cubilia curae mauris viverra diam vitae quam suspendisse potenti nullam porttitor lacus at turpis donec posuere metus vitae,
1496415,penatibus et magnis dis parturient montes nascetur ridiculus mus vivamus vestibulum sagittis sapien,
1496416,curabitur convallis duis consequat dui nec nisi volutpat eleifend donec ut dolor morbi vel lectus in quam fringilla rhoncus mauris,
1496417,turpis a pede posuere nonummy integer non velit donec diam neque vestibulum eget vulputate ut,
,,
1496419,amet cursus id turpis integer aliquet massa id lobortis convallis tortor,
1496420,nulla integer pede justo lacinia eget tincidunt eget tempus vel pede morbi porttitor lorem id ligula,
1496421,consequat dui nec nisi volutpat eleifend donec ut dolor morbi vel,
1496422,diam cras pellentesque volutpat dui maecenas tristique est et tempus semper est quam pharetra magna ac consequat,
1496423,id mauris vulputate elementum nullam varius nulla facilisi cras non velit nec nisi vulputate,
1496424,eleifend donec ut dolor morbi vel lectus in quam fringilla,
1496425,dui luctus rutrum nulla tellus in sagittis dui vel nisl duis ac nibh fusce lacus purus aliquet,
1496426,luctus nec molestie sed justo pellentesque viverra pede ac diam cras pellentesque volutpat dui maecenas tristique est,
1496427,nullam sit amet turpis elementum ligula vehicula consequat morbi a ipsum,
1496428,non sodales sed tincidunt eu felis fusce posuere felis sed lacus morbi sem mauris laoreet ut rhoncus aliquet pulvinar,
,,
1496430,in libero ut massa volutpat convallis morbi odio odio elementum eu interdum eu tincidunt in leo maecenas pulvinar,
1496431,ligula sit amet eleifend pede libero quis orci nullam molestie nibh in lectus pellentesque at,
,,
1496433,leo rhoncus sed vestibulum sit amet cursus id turpis integer aliquet massa id lobortis convallis tortor risus dapibus augue vel,
1496434,erat curabitur gravida nisi at nibh in hac habitasse platea dictumst aliquam augue quam sollicitudin vitae consectetuer eget,
1496435,id justo sit amet sapien dignissim vestibulum vestibulum ante ipsum primis in faucibus orci,
1496436,ac est lacinia nisi venenatis tristique fusce congue diam id,
,,
1496438,faucibus accumsan odio curabitur convallis duis consequat dui nec nisi volutpat eleifend donec ut dolor,
1496439,congue etiam justo etiam pretium iaculis justo in hac habitasse platea dictumst etiam faucibus cursus urna ut tellus,
1496440,duis consequat dui nec nisi volutpat eleifend donec ut dolor morbi vel lectus in quam fringilla rhoncus,
1496441,vulputate vitae nisl aenean lectus pellentesque eget nunc donec quis orci eget orci vehicula,
1496442,est quam pharetra magna ac consequat metus sapien ut nunc vestibulum ante ipsum primis in faucibus orci,
1496443,quisque erat eros viverra eget congue eget semper rutrum nulla nunc,
1496444,neque duis bibendum morbi non quam nec dui luctus rutrum nulla tellus in sagittis dui vel,
1496445,dui luctus rutrum nulla tellus in sagittis dui vel nisl duis ac nibh fusce lacus purus aliquet at feugiat non,
1496446,phasellus in felis donec semper sapien a libero nam dui proin leo odio porttitor,
,,
1496448,in sagittis dui vel nisl duis ac nibh fusce lacus purus aliquet at feugiat non pretium quis lectus suspendisse potenti,
1496449,tristique in tempus sit amet sem fusce consequat nulla nisl,
1496450,rhoncus sed vestibulum sit amet cursus id turpis integer aliquet,
1496451,sagittis nam congue risus semper porta volutpat quam pede lobortis ligula sit amet eleifend pede libero quis orci nullam,
1496452,odio consequat varius integer ac leo pellentesque ultrices mattis odio donec vitae nisi nam ultrices libero non,
1496453,dapibus dolor vel est donec odio justo sollicitudin ut suscipit a feugiat,
1496454,vulputate luctus cum sociis natoque penatibus et magnis dis parturient montes nascetur ridiculus mus,
1496455,penatibus et magnis dis parturient montes nascetur ridiculus mus vivamus vestibulum sagittis sapien cum,
1496456,vulputate elementum nullam varius nulla facilisi cras non velit nec nisi vulputate nonummy maecenas,
1496457,ante vestibulum ante ipsum primis in faucibus orci luctus et ultrices posuere cubilia curae duis faucibus accumsan,
1496458,lectus suspendisse potenti in eleifend quam a odio in hac habitasse platea dictumst maecenas ut massa quis,
1496459,leo pellentesque ultrices mattis odio donec vitae nisi nam ultrices libero non mattis pulvinar,
1496460,donec odio justo sollicitudin ut suscipit a feugiat et eros vestibulum ac est lacinia nisi venenatis tristique fusce congue diam,
,,
1496462,luctus et ultrices posuere cubilia curae nulla dapibus dolor vel est donec odio justo sollicitudin ut suscipit a feugiat,
1496463,nulla tellus in sagittis dui vel nisl duis ac nibh fusce lacus purus aliquet at feugiat non pretium quis lectus,
1496464,morbi non quam nec dui luctus rutrum nulla tellus in sagittis dui vel nisl duis ac nibh,
1496465,nisi volutpat eleifend donec ut dolor morbi vel lectus in quam fringilla rhoncus mauris enim leo,
1496466,pede ac diam cras pellentesque volutpat dui maecenas tristique est,
1496467,porttitor id consequat in consequat ut nulla sed accumsan felis ut at dolor quis odio consequat varius integer ac leo,
1496468,mauris viverra diam vitae quam suspendisse potenti nullam porttitor lacus at turpis donec,
1496469,integer tincidunt ante vel ipsum praesent blandit lacinia erat vestibulum sed,
1496470,eros suspendisse accumsan tortor quis turpis sed ante vivamus tortor duis mattis egestas metus aenean fermentum donec,
1496471,parturient montes nascetur ridiculus mus vivamus vestibulum sagittis sapien cum sociis natoque penatibus et magnis dis parturient montes,
1496472,maecenas tristique est et tempus semper est quam pharetra magna ac consequat,
1496473,pellentesque volutpat dui maecenas tristique est et tempus semper est quam,
,,
1496475,cras mi pede malesuada in imperdiet et commodo vulputate justo,
1496476,donec vitae nisi nam ultrices libero non mattis pulvinar nulla pede ullamcorper augue a,
1496477,rutrum neque aenean auctor gravida sem praesent id massa id nisl venenatis,
1496478,luctus rutrum nulla tellus in sagittis dui vel nisl duis ac,
,,
1496480,eget congue eget semper rutrum nulla nunc purus phasellus in felis donec semper sapien a libero nam dui proin leo,
1496481,vel nisl duis ac nibh fusce lacus purus aliquet at feugiat non pretium quis lectus suspendisse potenti in,
1496482,dui vel nisl duis ac nibh fusce lacus purus aliquet at feugiat non pretium quis lectus suspendisse potenti in eleifend,
1496483,id luctus nec molestie sed justo pellentesque viverra pede ac diam cras pellentesque,
1496484,ut mauris eget massa tempor convallis nulla neque libero convallis,
,,
1496486,cras non velit nec nisi vulputate nonummy maecenas tincidunt lacus at velit vivamus vel nulla eget eros elementum,
1496487,venenatis lacinia aenean sit amet justo morbi ut odio cras,
1496488,elit sodales scelerisque mauris sit amet eros suspendisse accumsan tortor,
1496489,in ante vestibulum ante ipsum primis in faucibus orci luctus et ultrices posuere cubilia,
1496490,felis ut at dolor quis odio consequat varius integer ac leo pellentesque,
1496491,adipiscing molestie hendrerit at vulputate vitae nisl aenean lectus pellentesque eget nunc donec quis orci eget orci vehicula,
,,
1496493,enim blandit mi in porttitor pede justo eu massa donec dapibus duis at velit,
1496494,eu massa donec dapibus duis at velit eu est congue elementum in hac habitasse platea dictumst morbi vestibulum,
1496495,porta volutpat quam pede lobortis ligula sit amet eleifend pede libero quis orci nullam molestie nibh in,
1496496,sit amet sapien dignissim vestibulum vestibulum ante ipsum primis in faucibus orci,
1496497,aliquet pulvinar sed nisl nunc rhoncus dui vel sem sed sagittis nam congue risus semper porta volutpat quam pede lobortis,
,,
1496499,ultricies eu nibh quisque id justo sit amet sapien dignissim vestibulum vestibulum ante ipsum primis in faucibus,
1496500,lacus curabitur at ipsum ac tellus semper interdum mauris ullamcorper purus sit amet nulla quisque arcu libero rutrum ac,
,,
1496502,ultrices posuere cubilia curae nulla dapibus dolor vel est donec odio justo sollicitudin ut,
1496503,vestibulum ac est lacinia nisi venenatis tristique fusce congue diam,
1496504,platea dictumst maecenas ut massa quis augue luctus tincidunt nulla mollis molestie lorem quisque ut erat curabitur,
1496505,ipsum praesent blandit lacinia erat vestibulum sed magna at nunc commodo placerat,
1496506,id massa id nisl venenatis lacinia aenean sit amet justo morbi ut odio cras mi pede malesuada in,
1496507,nunc viverra dapibus nulla suscipit ligula in lacus curabitur at ipsum ac,
1496508,lorem vitae mattis nibh ligula nec sem duis aliquam convallis nunc proin at turpis a,
1496509,tellus nulla ut erat id mauris vulputate elementum nullam varius nulla facilisi cras non velit nec nisi vulputate nonummy,
1496510,vestibulum sed magna at nunc commodo placerat praesent blandit nam nulla integer pede justo lacinia eget tincidunt eget tempus vel,
1496511,viverra dapibus nulla suscipit ligula in lacus curabitur at ipsum,
1496512,porttitor lorem id ligula suspendisse ornare consequat lectus in est risus,
1496513,venenatis tristique fusce congue diam id ornare imperdiet sapien urna pretium nisl ut volutpat sapien arcu sed,
1496514,felis ut at dolor quis odio consequat varius integer ac leo pellentesque ultrices mattis odio donec vitae nisi,
1496515,blandit lacinia erat vestibulum sed magna at nunc commodo placerat praesent blandit nam nulla,
1496516,curabitur convallis duis consequat dui nec nisi volutpat eleifend donec ut dolor morbi vel lectus,
1496517,eu interdum eu tincidunt in leo maecenas pulvinar lobortis est phasellus sit amet erat nulla tempus,
1496518,pede malesuada in imperdiet et commodo vulputate justo in blandit ultrices enim lorem ipsum,
1496519,nulla quisque arcu libero rutrum ac lobortis vel dapibus at,
1496520,vel augue vestibulum ante ipsum primis in faucibus orci luctus et ultrices posuere cubilia curae,
1496521,eu tincidunt in leo maecenas pulvinar lobortis est phasellus sit amet erat nulla tempus vivamus in,
1496522,sociis natoque penatibus et magnis dis parturient montes nascetur ridiculus mus etiam vel augue vestibulum rutrum rutrum,
,,
1496524,faucibus orci luctus et ultrices posuere cubilia curae mauris viverra diam vitae quam suspendisse potenti nullam porttitor lacus at turpis,
1496525,dictumst etiam faucibus cursus urna ut tellus nulla ut erat id mauris,
1496526,risus praesent lectus vestibulum quam sapien varius ut blandit non interdum,
1496527,at lorem integer tincidunt ante vel ipsum praesent blandit lacinia erat vestibulum sed magna at nunc commodo,
1496528,turpis adipiscing lorem vitae mattis nibh ligula nec sem duis aliquam convallis nunc proin at turpis a pede posuere nonummy,
1496529,duis at velit eu est congue elementum in hac habitasse platea dictumst morbi vestibulum,
1496530,eu magna vulputate luctus cum sociis natoque penatibus et magnis dis parturient montes nascetur ridiculus mus vivamus vestibulum sagittis,
,,
1496532,leo rhoncus sed vestibulum sit amet cursus id turpis integer aliquet massa id lobortis convallis tortor,
1496533,pellentesque ultrices phasellus id sapien in sapien iaculis congue vivamus metus arcu adipiscing molestie hendrerit at,
1496534,mi in porttitor pede justo eu massa donec dapibus duis,
1496535,lacinia sapien quis libero nullam sit amet turpis elementum ligula vehicula,
,,
1496537,nascetur ridiculus mus vivamus vestibulum sagittis sapien cum sociis natoque penatibus,
1496538,odio elementum eu interdum eu tincidunt in leo maecenas pulvinar lobortis est phasellus sit amet,
1496539,mi pede malesuada in imperdiet et commodo vulputate justo in blandit ultrices enim lorem ipsum dolor sit amet consectetuer adipiscing,
1496540,habitasse platea dictumst morbi vestibulum velit id pretium iaculis diam,
1496541,curabitur at ipsum ac tellus semper interdum mauris ullamcorper purus,
,,
1496543,in blandit ultrices enim lorem ipsum dolor sit amet consectetuer adipiscing elit proin interdum mauris non ligula,
1496544,sapien placerat ante nulla justo aliquam quis turpis eget elit,
1496545,bibendum morbi non quam nec dui luctus rutrum nulla tellus,
1496546,augue quam sollicitudin vitae consectetuer eget rutrum at lorem integer tincidunt,
1496547,bibendum imperdiet nullam orci pede venenatis non sodales sed tincidunt eu felis fusce posuere felis sed lacus morbi,
,,
1496549,tortor sollicitudin mi sit amet lobortis sapien sapien non mi integer ac,
1496550,amet eleifend pede libero quis orci nullam molestie nibh in,
1496551,augue quam sollicitudin vitae consectetuer eget rutrum at lorem integer tincidunt ante vel ipsum praesent blandit,
1496552,consequat lectus in est risus auctor sed tristique in tempus sit amet sem fusce consequat,
1496553,luctus tincidunt nulla mollis molestie lorem quisque ut erat curabitur gravida nisi at nibh in hac habitasse platea dictumst,
,,
1496555,pede malesuada in imperdiet et commodo vulputate justo in blandit ultrices enim lorem ipsum dolor sit,
1496556,leo odio porttitor id consequat in consequat ut nulla sed accumsan felis ut at dolor quis,
1496557,porttitor pede justo eu massa donec dapibus duis at velit eu est congue elementum,
1496558,erat volutpat in congue etiam justo etiam pretium iaculis justo in hac habitasse platea dictumst etiam faucibus cursus urna ut,
1496559,vivamus tortor duis mattis egestas metus aenean fermentum donec ut mauris eget massa tempor convallis nulla neque libero convallis eget,
,,
,,
1496562,vulputate elementum nullam varius nulla facilisi cras non velit nec nisi vulputate nonummy maecenas tincidunt lacus at velit vivamus,
1496563,lacinia aenean sit amet justo morbi ut odio cras mi pede malesuada in imperdiet et commodo,
1496564,eget eleifend luctus ultricies eu nibh quisque id justo sit amet sapien dignissim vestibulum,
1496565,eros elementum pellentesque quisque porta volutpat erat quisque erat eros,
1496566,in purus eu magna vulputate luctus cum sociis natoque penatibus et magnis dis parturient,
1496567,nascetur ridiculus mus vivamus vestibulum sagittis sapien cum sociis natoque penatibus et magnis dis parturient montes,
1496568,nonummy integer non velit donec diam neque vestibulum eget vulputate ut ultrices vel augue vestibulum ante,
1496569,ante ipsum primis in faucibus orci luctus et ultrices posuere,
1496570,vulputate elementum nullam varius nulla facilisi cras non velit nec,
1496571,convallis eget eleifend luctus ultricies eu nibh quisque id justo sit,
1496572,praesent blandit nam nulla integer pede justo lacinia eget tincidunt eget tempus vel pede morbi porttitor,
1496573,tortor id nulla ultrices aliquet maecenas leo odio condimentum id luctus nec molestie sed justo,
1496574,donec vitae nisi nam ultrices libero non mattis pulvinar nulla pede ullamcorper augue a suscipit nulla elit ac nulla,
1496575,ultrices posuere cubilia curae duis faucibus accumsan odio curabitur convallis duis consequat,
1496576,consectetuer eget rutrum at lorem integer tincidunt ante vel ipsum praesent blandit lacinia erat vestibulum,
1496577,id consequat in consequat ut nulla sed accumsan felis ut at dolor quis odio consequat varius integer,
1496578,sed tincidunt eu felis fusce posuere felis sed lacus morbi sem mauris laoreet ut rhoncus aliquet pulvinar sed,
,,
1496580,felis fusce posuere felis sed lacus morbi sem mauris laoreet ut rhoncus aliquet pulvinar sed,
1496581,lacus morbi sem mauris laoreet ut rhoncus aliquet pulvinar sed nisl nunc rhoncus,
1496582,in lectus pellentesque at nulla suspendisse potenti cras in purus eu magna,
1496583,cursus urna ut tellus nulla ut erat id mauris vulputate elementum nullam varius nulla facilisi cras non velit nec,
1496584,pretium quis lectus suspendisse potenti in eleifend quam a odio in hac habitasse platea dictumst maecenas,
1496585,eget congue eget semper rutrum nulla nunc purus phasellus in felis donec semper sapien a libero nam dui,
1496586,eget massa tempor convallis nulla neque libero convallis eget eleifend luctus ultricies eu nibh quisque id justo sit amet sapien,
1496587,turpis a pede posuere nonummy integer non velit donec diam neque vestibulum eget vulputate ut ultrices vel augue,
1496588,sodales scelerisque mauris sit amet eros suspendisse accumsan tortor quis turpis sed ante vivamus tortor duis mattis egestas metus aenean,
1496589,vel ipsum praesent blandit lacinia erat vestibulum sed magna at nunc commodo placerat praesent blandit nam nulla,
1496590,congue elementum in hac habitasse platea dictumst morbi vestibulum velit id pretium iaculis diam erat fermentum justo nec condimentum,
1496591,dui vel sem sed sagittis nam congue risus semper porta volutpat quam pede lobortis ligula sit amet eleifend pede,
1496592,eros suspendisse accumsan tortor quis turpis sed ante vivamus tortor duis mattis egestas metus aenean fermentum donec ut mauris,
1496593,vestibulum proin eu mi nulla ac enim in tempor turpis nec euismod scelerisque quam turpis adipiscing,
1496594,praesent blandit nam nulla integer pede justo lacinia eget tincidunt,
1496595,aliquam lacus morbi quis tortor id nulla ultrices aliquet maecenas leo odio condimentum id,
1496596,sit amet diam in magna bibendum imperdiet nullam orci pede venenatis non sodales sed tincidunt eu felis fusce,
1496597,vivamus metus arcu adipiscing molestie hendrerit at vulputate vitae nisl aenean lectus pellentesque,
1496598,libero nullam sit amet turpis elementum ligula vehicula consequat morbi a ipsum integer a nibh,
1496599,quam pharetra magna ac consequat metus sapien ut nunc vestibulum ante ipsum primis in faucibus orci luctus et ultrices,
1496600,leo odio porttitor id consequat in consequat ut nulla sed accumsan felis ut at dolor quis,
1496601,quisque ut erat curabitur gravida nisi at nibh in hac habitasse platea dictumst aliquam augue,
1496602,ante nulla justo aliquam quis turpis eget elit sodales scelerisque,
1496603,mi nulla ac enim in tempor turpis nec euismod scelerisque quam turpis adipiscing lorem vitae mattis nibh ligula nec sem,
1496604,ac leo pellentesque ultrices mattis odio donec vitae nisi nam ultrices libero non,
1496605,sodales scelerisque mauris sit amet eros suspendisse accumsan tortor quis turpis sed,
1496606,duis bibendum morbi non quam nec dui luctus rutrum nulla tellus in sagittis dui vel,
,,
1496608,semper est quam pharetra magna ac consequat metus sapien ut nunc vestibulum ante ipsum primis,
1496609,tortor id nulla ultrices aliquet maecenas leo odio condimentum id luctus nec molestie sed justo pellentesque viverra pede ac,
1496610,nulla sed vel enim sit amet nunc viverra dapibus nulla suscipit ligula in lacus curabitur at,
1496611,nullam orci pede venenatis non sodales sed tincidunt eu felis fusce posuere felis,
1496612,ut blandit non interdum in ante vestibulum ante ipsum primis in,
1496613,odio curabitur convallis duis consequat dui nec nisi volutpat eleifend donec ut dolor morbi vel lectus in quam,
1496614,eros elementum pellentesque quisque porta volutpat erat quisque erat eros,
1496615,amet eleifend pede libero quis orci nullam molestie nibh in lectus pellentesque at nulla suspendisse,
1496616,eget semper rutrum nulla nunc purus phasellus in felis donec semper sapien a libero,
1496617,justo sollicitudin ut suscipit a feugiat et eros vestibulum ac est lacinia,
1496618,orci vehicula condimentum curabitur in libero ut massa volutpat convallis morbi odio odio elementum eu,
1496619,mauris lacinia sapien quis libero nullam sit amet turpis elementum ligula vehicula consequat morbi a ipsum integer a nibh,
1496620,gravida sem praesent id massa id nisl venenatis lacinia aenean sit amet justo morbi ut,
1496621,morbi non quam nec dui luctus rutrum nulla tellus in sagittis dui vel nisl duis ac nibh fusce lacus,
1496622,felis sed interdum venenatis turpis enim blandit mi in porttitor pede justo eu massa donec dapibus duis,
1496623,bibendum morbi non quam nec dui luctus rutrum nulla tellus in sagittis dui vel nisl duis ac nibh fusce,
1496624,luctus ultricies eu nibh quisque id justo sit amet sapien dignissim vestibulum vestibulum ante ipsum primis in,
1496625,sagittis nam congue risus semper porta volutpat quam pede lobortis ligula sit amet eleifend pede libero quis orci,
1496626,lorem quisque ut erat curabitur gravida nisi at nibh in,
1496627,nibh quisque id justo sit amet sapien dignissim vestibulum vestibulum ante,
1496628,ante ipsum primis in faucibus orci luctus et ultrices posuere cubilia curae nulla dapibus dolor vel,
1496629,justo pellentesque viverra pede ac diam cras pellentesque volutpat dui maecenas tristique est et tempus semper est quam pharetra magna,
1496630,congue eget semper rutrum nulla nunc purus phasellus in felis donec semper sapien a libero nam dui proin,
1496631,nulla ut erat id mauris vulputate elementum nullam varius nulla facilisi cras non velit nec nisi vulputate nonummy maecenas,
1496632,sit amet sapien dignissim vestibulum vestibulum ante ipsum primis in,
,,
1496634,a odio in hac habitasse platea dictumst maecenas ut massa quis augue luctus tincidunt nulla mollis molestie,
1496635,tristique est et tempus semper est quam pharetra magna ac consequat metus,
,,
1496637,nullam varius nulla facilisi cras non velit nec nisi vulputate nonummy maecenas tincidunt lacus at velit vivamus vel nulla,
1496638,diam in magna bibendum imperdiet nullam orci pede venenatis non sodales sed tincidunt,
1496639,ullamcorper purus sit amet nulla quisque arcu libero rutrum ac lobortis vel dapibus at diam nam tristique tortor eu,
,,
1496641,id turpis integer aliquet massa id lobortis convallis tortor risus dapibus augue vel accumsan tellus nisi eu orci mauris,
1496642,lacus at velit vivamus vel nulla eget eros elementum pellentesque quisque porta volutpat,
1496643,luctus et ultrices posuere cubilia curae duis faucibus accumsan odio,
1496644,curae duis faucibus accumsan odio curabitur convallis duis consequat dui nec nisi volutpat eleifend donec ut dolor morbi,
1496645,luctus nec molestie sed justo pellentesque viverra pede ac diam cras pellentesque volutpat dui maecenas tristique est et tempus,
1496646,nibh in lectus pellentesque at nulla suspendisse potenti cras in,
1496647,cursus urna ut tellus nulla ut erat id mauris vulputate elementum nullam,
1496648,dolor quis odio consequat varius integer ac leo pellentesque ultrices mattis odio donec vitae nisi,
1496649,ipsum primis in faucibus orci luctus et ultrices posuere cubilia,
1496650,pharetra magna ac consequat metus sapien ut nunc vestibulum ante ipsum primis in faucibus,
1496651,sed lacus morbi sem mauris laoreet ut rhoncus aliquet pulvinar sed nisl nunc rhoncus,
1496652,mi sit amet lobortis sapien sapien non mi integer ac neque duis bibendum morbi non quam nec dui luctus rutrum,
1496653,est lacinia nisi venenatis tristique fusce congue diam id ornare,
1496654,consequat varius integer ac leo pellentesque ultrices mattis odio donec,
,,
,,
1496657,id ornare imperdiet sapien urna pretium nisl ut volutpat sapien arcu sed augue,
,,
,,
1496660,ipsum ac tellus semper interdum mauris ullamcorper purus sit amet nulla quisque arcu libero,
,,
1496662,morbi vestibulum velit id pretium iaculis diam erat fermentum justo nec condimentum neque sapien placerat ante nulla,
1496663,magna bibendum imperdiet nullam orci pede venenatis non sodales sed tincidunt eu felis fusce,
1496664,nullam varius nulla facilisi cras non velit nec nisi vulputate nonummy maecenas,
,,
1496666,ipsum primis in faucibus orci luctus et ultrices posuere cubilia curae nulla,
1496667,imperdiet et commodo vulputate justo in blandit ultrices enim lorem ipsum dolor sit amet consectetuer adipiscing,
1496668,ac nulla sed vel enim sit amet nunc viverra dapibus nulla suscipit ligula in lacus curabitur at ipsum ac tellus,
1496669,a ipsum integer a nibh in quis justo maecenas rhoncus aliquam lacus morbi quis,
1496670,habitasse platea dictumst maecenas ut massa quis augue luctus tincidunt nulla mollis molestie lorem quisque ut erat curabitur,
1496671,congue vivamus metus arcu adipiscing molestie hendrerit at vulputate vitae nisl aenean lectus pellentesque eget nunc donec quis orci,
1496672,aenean lectus pellentesque eget nunc donec quis orci eget orci vehicula condimentum curabitur in libero,
,,
1496674,quis orci nullam molestie nibh in lectus pellentesque at nulla suspendisse potenti cras in,
1496675,dolor sit amet consectetuer adipiscing elit proin interdum mauris non ligula pellentesque ultrices phasellus id,
1496676,diam in magna bibendum imperdiet nullam orci pede venenatis non sodales sed,
,,
1496678,pellentesque quisque porta volutpat erat quisque erat eros viverra eget congue eget semper rutrum nulla nunc purus phasellus in,
1496679,morbi sem mauris laoreet ut rhoncus aliquet pulvinar sed nisl nunc rhoncus dui vel sem sed sagittis nam congue,
1496680,ante vivamus tortor duis mattis egestas metus aenean fermentum donec ut mauris eget massa tempor,
,,
1496682,eros vestibulum ac est lacinia nisi venenatis tristique fusce congue diam id ornare imperdiet sapien urna pretium nisl ut volutpat,
1496683,convallis eget eleifend luctus ultricies eu nibh quisque id justo sit amet sapien dignissim vestibulum vestibulum ante,
1496684,ligula nec sem duis aliquam convallis nunc proin at turpis a pede posuere nonummy integer non velit donec diam neque,
1496685,velit eu est congue elementum in hac habitasse platea dictumst morbi,
1496686,phasellus id sapien in sapien iaculis congue vivamus metus arcu adipiscing molestie,
1496687,donec odio justo sollicitudin ut suscipit a feugiat et eros vestibulum ac est lacinia,
1496688,dapibus augue vel accumsan tellus nisi eu orci mauris lacinia sapien quis libero nullam sit amet turpis,
1496689,sem fusce consequat nulla nisl nunc nisl duis bibendum felis sed interdum venenatis turpis enim blandit mi,
,,
1496691,in purus eu magna vulputate luctus cum sociis natoque penatibus et,
1496692,nunc viverra dapibus nulla suscipit ligula in lacus curabitur at ipsum ac,
1496693,amet diam in magna bibendum imperdiet nullam orci pede venenatis non sodales,
1496694,purus phasellus in felis donec semper sapien a libero nam dui proin leo odio,
1496695,lacus morbi sem mauris laoreet ut rhoncus aliquet pulvinar sed nisl,
1496696,ante ipsum primis in faucibus orci luctus et ultrices posuere cubilia curae donec pharetra magna vestibulum,
,,
1496698,viverra diam vitae quam suspendisse potenti nullam porttitor lacus at,
1496699,sagittis nam congue risus semper porta volutpat quam pede lobortis ligula sit amet eleifend pede libero quis orci,
1496700,dis parturient montes nascetur ridiculus mus vivamus vestibulum sagittis sapien cum sociis natoque penatibus et magnis dis parturient montes,
1496701,mauris viverra diam vitae quam suspendisse potenti nullam porttitor lacus at turpis donec posuere metus vitae ipsum,
1496702,sapien dignissim vestibulum vestibulum ante ipsum primis in faucibus orci luctus,
1496703,nulla mollis molestie lorem quisque ut erat curabitur gravida nisi at nibh in,
1496704,posuere nonummy integer non velit donec diam neque vestibulum eget vulputate ut ultrices vel augue vestibulum,
1496705,rhoncus sed vestibulum sit amet cursus id turpis integer aliquet massa id lobortis convallis tortor risus dapibus augue,
1496706,integer tincidunt ante vel ipsum praesent blandit lacinia erat vestibulum sed magna at nunc commodo,
1496707,nulla quisque arcu libero rutrum ac lobortis vel dapibus at diam nam tristique tortor eu pede,
1496708,nunc viverra dapibus nulla suscipit ligula in lacus curabitur at ipsum ac tellus semper interdum mauris ullamcorper purus,
,,
1496710,dolor morbi vel lectus in quam fringilla rhoncus mauris enim,
1496711,curabitur convallis duis consequat dui nec nisi volutpat eleifend donec ut dolor morbi vel lectus in quam,
1496712,consequat metus sapien ut nunc vestibulum ante ipsum primis in faucibus orci luctus et ultrices posuere cubilia,
1496713,tellus nisi eu orci mauris lacinia sapien quis libero nullam sit amet turpis elementum ligula vehicula consequat morbi,
1496714,ridiculus mus etiam vel augue vestibulum rutrum rutrum neque aenean auctor gravida sem praesent id,
1496715,hendrerit at vulputate vitae nisl aenean lectus pellentesque eget nunc,
1496716,nibh fusce lacus purus aliquet at feugiat non pretium quis lectus suspendisse,
1496717,cubilia curae nulla dapibus dolor vel est donec odio justo sollicitudin,
,,
1496719,curabitur in libero ut massa volutpat convallis morbi odio odio elementum eu interdum eu tincidunt in leo maecenas pulvinar,
1496720,in quam fringilla rhoncus mauris enim leo rhoncus sed vestibulum sit amet cursus id turpis integer aliquet,
1496721,rhoncus dui vel sem sed sagittis nam congue risus semper,
,,
1496723,lacinia erat vestibulum sed magna at nunc commodo placerat praesent,
,,
1496725,donec semper sapien a libero nam dui proin leo odio porttitor id consequat,
1496726,id ornare imperdiet sapien urna pretium nisl ut volutpat sapien arcu,
1496727,lobortis est phasellus sit amet erat nulla tempus vivamus in felis eu sapien cursus vestibulum proin eu mi,
1496728,pharetra magna vestibulum aliquet ultrices erat tortor sollicitudin mi sit amet lobortis sapien sapien non,
1496729,vitae consectetuer eget rutrum at lorem integer tincidunt ante vel ipsum praesent blandit lacinia,
1496730,leo maecenas pulvinar lobortis est phasellus sit amet erat nulla tempus vivamus in felis eu sapien cursus vestibulum proin,
1496731,vel nulla eget eros elementum pellentesque quisque porta volutpat erat quisque erat eros viverra eget congue eget,
1496732,placerat praesent blandit nam nulla integer pede justo lacinia eget tincidunt eget tempus vel pede morbi,
1496733,rhoncus aliquet pulvinar sed nisl nunc rhoncus dui vel sem sed sagittis nam congue risus semper porta volutpat,
1496734,sed justo pellentesque viverra pede ac diam cras pellentesque volutpat dui maecenas tristique,
1496735,cubilia curae nulla dapibus dolor vel est donec odio justo sollicitudin ut suscipit a feugiat et,
1496736,nibh ligula nec sem duis aliquam convallis nunc proin at turpis a pede posuere,
1496737,donec dapibus duis at velit eu est congue elementum in hac habitasse platea dictumst morbi vestibulum velit id pretium,
,,
1496739,consectetuer adipiscing elit proin interdum mauris non ligula pellentesque ultrices phasellus id sapien in sapien iaculis congue vivamus metus arcu,
1496740,nulla ut erat id mauris vulputate elementum nullam varius nulla facilisi cras,
,,
1496742,odio justo sollicitudin ut suscipit a feugiat et eros vestibulum ac est lacinia nisi venenatis tristique fusce congue,
1496743,mauris enim leo rhoncus sed vestibulum sit amet cursus id turpis,
1496744,duis consequat dui nec nisi volutpat eleifend donec ut dolor morbi vel lectus in quam fringilla rhoncus mauris enim,
1496745,dictumst morbi vestibulum velit id pretium iaculis diam erat fermentum justo,
1496746,leo odio porttitor id consequat in consequat ut nulla sed,
1496747,sapien non mi integer ac neque duis bibendum morbi non,
1496748,consequat dui nec nisi volutpat eleifend donec ut dolor morbi vel lectus in quam fringilla rhoncus mauris,
1496749,lacus at velit vivamus vel nulla eget eros elementum pellentesque quisque porta volutpat erat quisque erat eros viverra,
1496750,lobortis convallis tortor risus dapibus augue vel accumsan tellus nisi eu orci mauris lacinia,
,,
1496752,quam suspendisse potenti nullam porttitor lacus at turpis donec posuere metus vitae ipsum aliquam non mauris morbi non lectus aliquam,
1496753,et magnis dis parturient montes nascetur ridiculus mus etiam vel augue vestibulum rutrum rutrum neque aenean auctor gravida,
1496754,mauris lacinia sapien quis libero nullam sit amet turpis elementum ligula vehicula,
1496755,imperdiet et commodo vulputate justo in blandit ultrices enim lorem ipsum dolor sit amet consectetuer,
1496756,ultrices erat tortor sollicitudin mi sit amet lobortis sapien sapien non mi integer ac neque duis bibendum morbi,
1496757,justo morbi ut odio cras mi pede malesuada in imperdiet,
1496758,enim in tempor turpis nec euismod scelerisque quam turpis adipiscing lorem vitae,
1496759,semper porta volutpat quam pede lobortis ligula sit amet eleifend,
,,
1496761,sem fusce consequat nulla nisl nunc nisl duis bibendum felis sed interdum venenatis turpis,
1496762,dictumst maecenas ut massa quis augue luctus tincidunt nulla mollis molestie lorem quisque ut erat,
1496763,tristique fusce congue diam id ornare imperdiet sapien urna pretium nisl ut volutpat sapien arcu,
1496764,interdum venenatis turpis enim blandit mi in porttitor pede justo eu massa donec dapibus duis at velit eu est congue,
1496765,tortor id nulla ultrices aliquet maecenas leo odio condimentum id luctus nec molestie,
,,
1496767,dui nec nisi volutpat eleifend donec ut dolor morbi vel lectus in quam,
1496768,luctus et ultrices posuere cubilia curae donec pharetra magna vestibulum aliquet ultrices erat tortor sollicitudin mi sit amet lobortis sapien,
1496769,sit amet nunc viverra dapibus nulla suscipit ligula in lacus curabitur at,
,,
1496771,nulla elit ac nulla sed vel enim sit amet nunc viverra dapibus nulla suscipit ligula,
1496772,montes nascetur ridiculus mus etiam vel augue vestibulum rutrum rutrum neque aenean auctor gravida sem,
1496773,vel ipsum praesent blandit lacinia erat vestibulum sed magna at,
,,
1496775,ut tellus nulla ut erat id mauris vulputate elementum nullam varius nulla facilisi cras non velit nec nisi,
1496776,interdum in ante vestibulum ante ipsum primis in faucibus orci luctus et ultrices posuere cubilia,
1496777,id ornare imperdiet sapien urna pretium nisl ut volutpat sapien arcu sed augue aliquam erat,
,,
1496779,cursus urna ut tellus nulla ut erat id mauris vulputate elementum nullam varius nulla facilisi cras non velit,
1496780,ultrices enim lorem ipsum dolor sit amet consectetuer adipiscing elit proin interdum,
1496781,massa donec dapibus duis at velit eu est congue elementum in hac habitasse platea dictumst morbi,
1496782,aliquam augue quam sollicitudin vitae consectetuer eget rutrum at lorem,
,,
1496784,eu orci mauris lacinia sapien quis libero nullam sit amet turpis elementum ligula vehicula consequat morbi a ipsum integer a,
,,
1496786,porttitor pede justo eu massa donec dapibus duis at velit eu est congue elementum in,
1496787,vestibulum velit id pretium iaculis diam erat fermentum justo nec condimentum neque sapien placerat ante nulla justo aliquam quis turpis,
1496788,odio porttitor id consequat in consequat ut nulla sed accumsan felis ut at dolor quis odio consequat varius integer,
